{
  "posts": [
    {
      "fname": "Bread1",
      "price": "25",
      "img_url": "https://mdbootstrap.com/img/Photos/Others/images/77.jpg",
      "quan": "20",
      "id": 2
    },
    {
      "fname": "Cake",
      "price": "25",
      "img_url": "https://mdbootstrap.com/img/Photos/Others/images/75.jpg",
      "quan": "25",
      "id": 3
    },
    {
      "fname": "Biryani",
      "price": "299",
      "img_url": "https://mdbootstrap.com/img/Photos/Others/images/74.jpg",
      "quan": "11",
      "id": 4
    },
    {
      "fname": "Dosa",
      "price": "49",
      "img_url": "https://mdbootstrap.com/img/Photos/Others/images/72.jpg",
      "quan": "29",
      "id": 5
    },
    {
      "fname": "Milk",
      "price": "39",
      "img_url": "https://domf5oio6qrcr.cloudfront.net/medialibrary/6000/8c38e37d-e8b9-48dd-a9a8-65083a6115e5.jpg",
      "quan": "57",
      "id": 6
    }
  ],
  "comments": [],
  "profile": {
    "name": "typicode"
  }
}